<!-- [ Mirror metadata ] generatedAt: 1432297175904 -->
<!-- Generated screen file. Fill the id tags below with content with
which to populate your previewed layout. For a complete specification
of sample data, please see http://jimulabs.com/sample-data-specifications/ 

Valid attributes on <screen> tag: theme="@style/someTheme" inEditMode="false" overlay="@drawable/mockup" -->
<screen>
    <_content layout="@layout/activity_training_row">
        <listView_row>
            <items layout="@android:layout/simple_list_item_1" >
                <_item>
                    <text1>Dalmatian</text1>
                </_item>
                <_item>
                    <text1>Great Dane</text1>
                </_item>
                <_item>
                    <text1>Shi Tzu</text1>
                </_item>
                <_item>
                    <text1>Corgi</text1>
                </_item>
                <_item>
                    <text1>Labrador</text1>
                </_item>
                <_item>
                    <text1>Doberman</text1>
                </_item>
                <_item>
                    <text1>Chihuahua</text1>
                </_item>
            </items>
                </listView_row>
        <!-- TextView Examples:
        <txtView_Row_Total text="@string/string_resource" />
        <txtView_Row_Total text="Text literal" textSize="14sp" /> -->
        <txtView_Row_Total />
        <txtView_Bpm_Rpm />
        <txtView_Total_Time />
    </_content>
</screen>
