<!-- [ Mirror metadata ] generatedAt: 1432285758384 -->
<!-- Generated screen file. Fill the id tags below with content with
which to populate your previewed layout. For a complete specification
of sample data, please see http://jimulabs.com/sample-data-specifications/ 

Valid attributes on <screen> tag: theme="@style/someTheme" inEditMode="false" overlay="@drawable/mockup" -->
<screen>
    <_content layout="@layout/training_list_item">
        <!-- ImageView Examples:
        <trash src="@drawable/image_resource" />
        <trash src="relative_path/image.jpg" /> -->
        <trash />
        <imageView />
        <!-- TextView Examples:
        <txtView_Name text="@string/string_resource" />
        <txtView_Name text="Text literal" textSize="14sp" /> -->
        <txtView_Name />
        <txtView_date />
    </_content>
</screen>
